{"cameraMode":{"drawMode":0,"name":"Shaded","section":"Shading Mode"},"sceneLighting":false,"audioPlay":false,"sceneViewState":{"showFog":true,"showMaterialUpdate":false,"showSkybox":false,"showFlares":true,"showImageEffects":true,"showParticleSystems":true},"in2DMode":false,"pivot":{"x":0.0,"y":0.9900000095367432,"z":9.246000289916993},"rotation":{"x":0.24005725979804994,"y":-0.13376806676387788,"z":0.03341729938983917,"w":0.960918128490448},"size":2.6208291053771974,"orthographic":false}